case_id,slide_id
TCGA-25-1630,TCGA-25-1630-01Z-00-DX1.75C53351-1511-4CCE-97AC-1650010AC568
TCGA-25-2408,TCGA-25-2408-01Z-00-DX1.760F6B8D-A61E-4C87-B90D-82E1AF56C204
TCGA-23-1024,TCGA-23-1024-01Z-00-DX1.B9194D3F-C6F4-4FC8-B0CA-6E347FF4F885
TCGA-57-1992,TCGA-57-1992-01Z-00-DX1.1022B1ED-3DC1-4F71-8635-0F8B28138B8C
TCGA-25-1323,TCGA-25-1323-01Z-00-DX1.1B82D1C9-2310-4AAB-B531-45C1191E5FF8
TCGA-25-1321,TCGA-25-1321-01Z-00-DX1.56C898D8-14CE-4C2D-B5C9-AC33FF91FE68
TCGA-23-1107,TCGA-23-1107-01Z-00-DX1.5B9C1283-62B5-4329-873D-009FA939CA69
TCGA-42-2590,TCGA-42-2590-01Z-00-DX1.83ff5df9-0f36-4884-a93e-f2928ff3c719
TCGA-23-2645,TCGA-23-2645-01Z-00-DX1.72C0AB89-9A64-4656-B03E-A5D65BA03188
TCGA-23-1113,TCGA-23-1113-01Z-00-DX1.D72B1587-444A-4DEC-8D92-703699822BE2
TCGA-25-1877,TCGA-25-1877-01Z-00-DX1.ECD98484-514C-4E9A-913B-F7EC55D6A8FE
TCGA-25-2391,TCGA-25-2391-01Z-00-DX1.3930615C-785B-48D4-BD69-FD87932A518A
TCGA-OY-A56P,TCGA-OY-A56P-01Z-00-DX1.59CA76B0-5613-48CB-ACE7-6F808B8A9423
TCGA-23-1029,TCGA-23-1029-01Z-00-DX1.0044B39A-51B3-4F76-90A9-00CDF851DE2A
TCGA-25-2393,TCGA-25-2393-01Z-00-DX1.A311D005-D661-4851-A54F-EE3310C9CD8A
TCGA-25-2042,TCGA-25-2042-01Z-00-DX1.79198B62-0E0B-46C4-8D35-FE20582B8035
TCGA-23-1027,TCGA-23-1027-01Z-00-DX1.53F9DFF4-6811-4184-B2FD-1F6706B948FD
TCGA-25-1315,TCGA-25-1315-01Z-00-DX1.BC434CCE-7E21-479F-8A5D-1FC7F601C8C5
TCGA-25-2392,TCGA-25-2392-01Z-00-DX1.C37932E5-973F-444D-8CEB-1BED4279165E
TCGA-25-1314,TCGA-25-1314-01Z-00-DX1.E01C2237-E2D6-4D84-9FB4-624734F30375
TCGA-57-1585,TCGA-57-1585-01Z-00-DX1.934E0F30-F804-4CFA-92D5-41576DA6C367
TCGA-59-A5PD,TCGA-59-A5PD-01Z-00-DX1.0A4D38A2-7B15-4550-B00C-4276485A9613
TCGA-23-2081,TCGA-23-2081-01Z-00-DX1.4105A382-4C2B-4C62-AC93-CB21CC360254
TCGA-42-2589,TCGA-42-2589-01Z-00-DX1.c3abd56a-7d75-4972-982f-3d86da96ad1b
TCGA-57-1993,TCGA-57-1993-01Z-00-DX1.464F641B-AA9F-49A7-A224-88D9847159DF
TCGA-23-2072,TCGA-23-2072-01Z-00-DX1.478243FF-BFF0-48A4-ADEA-DE789331A50E
TCGA-WR-A838,TCGA-WR-A838-01Z-00-DX1.5FE22DE4-CEFB-45F6-9299-505023A8F3BA
TCGA-25-1318,TCGA-25-1318-01Z-00-DX1.742CB28E-DB0A-4BE1-8047-5265FE80F861
TCGA-VG-A8LO,TCGA-VG-A8LO-01A-01-DX1.B39A4D64-82A1-4A04-8AB6-918F3058B83B
TCGA-25-1626,TCGA-25-1626-01Z-00-DX1.2C6EA1FE-8063-40AC-B81A-CC0A630FCFCC
TCGA-23-1121,TCGA-23-1121-01Z-00-DX1.E2F25441-32C3-46BF-A845-CB4FA787E8CB
TCGA-23-1021,TCGA-23-1021-01Z-00-DX1.F07C221B-D401-47A5-9519-10DE59CA1E9D
TCGA-25-1625,TCGA-25-1625-01Z-00-DX1.64A0B073-8EC8-4BE1-BECA-B956A6A96FCC
TCGA-25-1326,TCGA-25-1326-01Z-00-DX1.686E3548-8891-42ED-ABBA-BE3DA6D4CAAB
TCGA-57-1583,TCGA-57-1583-01Z-00-DX1.88ACB045-1DBD-4F0B-A6D0-53B6C208805C
TCGA-25-1635,TCGA-25-1635-01Z-00-DX1.D21D2855-43F0-4766-934A-3CE1E3A099B9
TCGA-23-1118,TCGA-23-1118-01Z-00-DX1.D69E130E-33C7-4F8A-99AF-400B81378578
TCGA-42-2587,TCGA-42-2587-01Z-00-DX1.7a887a16-a8bc-403b-ab71-a8b43e5613fc
TCGA-25-1628,TCGA-25-1628-01Z-00-DX1.8275623E-8A30-4ABB-8846-34DAEE43523E
TCGA-23-2647,TCGA-23-2647-01Z-00-DX1.21E5D0D8-6BA8-4D49-BA70-EC228CF10387
TCGA-23-2078,TCGA-23-2078-01Z-00-DX1.E31A9C1E-00EF-4B0D-A15D-6A5C2D00E986
TCGA-25-1312,TCGA-25-1312-01Z-00-DX1.733EC7A7-0FC8-4DDC-B366-DF5A45D6BB4E
TCGA-23-2079,TCGA-23-2079-01Z-00-DX1.01383205-B7A7-4529-9207-880687650A50
TCGA-OY-A56Q,TCGA-OY-A56Q-01Z-00-DX1.F1556F26-8845-4962-9004-70F9747B46B7
TCGA-23-2643,TCGA-23-2643-01Z-00-DX1.E60DF03D-326E-4182-84DA-77263C4C52B3
TCGA-25-1325,TCGA-25-1325-01Z-00-DX1.FA0DD977-D2F2-4319-B614-3EB20E966D97
TCGA-25-1324,TCGA-25-1324-01Z-00-DX1.37D77658-1D25-49B2-8CDE-FC092EAA4CDF
TCGA-25-1329,TCGA-25-1329-01Z-00-DX1.6DD994F3-E426-4749-8ECA-9A0B87FF04DC
TCGA-25-2397,TCGA-25-2397-01Z-00-DX1.B6FDE9A3-6A51-4A79-82CB-51ED37945A54
TCGA-23-1123,TCGA-23-1123-01Z-00-DX1.764A8E5C-F2E7-441D-B9FB-23ECF7183740
TCGA-23-2641,TCGA-23-2641-01Z-00-DX1.DB792236-39EC-4090-9938-B0915C3378A0
TCGA-23-1026,TCGA-23-1026-01Z-00-DX1.2875B4F7-D6B2-4C72-8A68-4E7C92D04BF0
TCGA-25-2401,TCGA-25-2401-01Z-00-DX1.AEA99982-DB6B-4178-BEDC-6E1F605B8D7C
TCGA-23-1109,TCGA-23-1109-01Z-00-DX1.FB0886B9-8108-4A74-8A29-FEA4381AD69C
TCGA-23-1023,TCGA-23-1023-01Z-00-DX1.0C96E118-A4D9-4A9A-B95E-C0AA114D2483
TCGA-23-1110,TCGA-23-1110-01Z-00-DX1.61C2DBB8-7F5C-4878-BEDC-6AE061A2D7D4
TCGA-42-2582,TCGA-42-2582-01Z-00-DX1.891d6182-c96b-4709-abeb-314d6874856a
TCGA-23-1120,TCGA-23-1120-01Z-00-DX1.59367B12-17F1-41AA-A6FB-8D940365176A
TCGA-VG-A8LO,TCGA-VG-A8LO-01A-02-DX2.9B58474C-DAC0-4D45-B13C-0A1EA9E1BC32
TCGA-13-A5FT,TCGA-13-A5FT-01Z-00-DX1.2B292DC8-7336-4CD9-AB1A-F6F482E6151A
TCGA-25-1870,TCGA-25-1870-01Z-00-DX1.780BB62D-71C1-4B21-A2F4-61AC4B0234EE
TCGA-25-1623,TCGA-25-1623-01Z-00-DX1.28D89405-5F27-47CF-ABC7-01AB494C28D2
TCGA-57-1582,TCGA-57-1582-01Z-00-DX1.BDF02DAA-E520-46BD-A479-58CAA4354B1A
TCGA-25-2399,TCGA-25-2399-01Z-00-DX1.B9A34CB0-9EBB-4435-8EDE-E4B9078565B1
TCGA-23-1809,TCGA-23-1809-01Z-00-DX1.A8767DEC-EB1A-4EDC-906E-C0560A30455F
TCGA-25-1871,TCGA-25-1871-01Z-00-DX1.1BF3077E-910F-4992-AD46-B6869A136E98
TCGA-13-A5FU,TCGA-13-A5FU-01Z-00-DX1.9AD9E4B9-3F87-4879-BC0F-148B12C09036
TCGA-57-1586,TCGA-57-1586-01Z-00-DX1.5C85A9B1-9ACC-4D62-BA09-91F8BDB2A058
TCGA-25-1634,TCGA-25-1634-01Z-00-DX1.6E449C67-922B-409A-84B4-581B9B468682
TCGA-23-1022,TCGA-23-1022-01Z-00-DX1.AF9E523E-CB0F-4AB5-AD43-C96731BF9141
TCGA-42-2588,TCGA-42-2588-01Z-00-DX1.e0bd9f78-2078-4bc3-867b-136d117f7b13
TCGA-25-2398,TCGA-25-2398-01Z-00-DX1.3F0E9A15-DBC8-43A0-8C94-20B02757CD10
TCGA-23-1122,TCGA-23-1122-01Z-00-DX1.991C230C-E3B4-4DAC-9DCC-69E9FA7DF772
TCGA-3P-A9WA,TCGA-3P-A9WA-01Z-00-DX1.A5FDC436-7F0D-4DD2-8644-CEF1BFF9C614
TCGA-25-2390,TCGA-25-2390-01Z-00-DX1.BC83304E-747C-47EC-BD80-BA0B322C8630
TCGA-23-1119,TCGA-23-1119-01Z-00-DX1.44D3D70A-A421-4962-8385-2A3CF8E9880A
TCGA-25-1631,TCGA-25-1631-01Z-00-DX1.7CA82CFB-E5F6-4148-8B5E-088B7FE6331F
TCGA-25-1316,TCGA-25-1316-01Z-00-DX1.A9B7F47C-5BDC-4B7D-BC9F-C4C9DBA663C8
TCGA-23-1111,TCGA-23-1111-01Z-00-DX1.A99421E1-C73E-42AE-990F-E5E6D26EDDBE
TCGA-23-1117,TCGA-23-1117-01Z-00-DX1.783914B6-B079-4828-B77B-4C6306FAE4C1
TCGA-25-2400,TCGA-25-2400-01Z-00-DX1.AAD20514-6FF7-47A5-89DB-8AA15DCC101B
TCGA-25-2396,TCGA-25-2396-01Z-00-DX1.3E755B49-EFC5-49B8-A381-0B06DAE56961
TCGA-57-1994,TCGA-57-1994-01Z-00-DX1.A0798185-30C5-4C32-B1A8-B440D4F4ED95
TCGA-25-1627,TCGA-25-1627-01Z-00-DX1.7596F7F5-D705-46B4-B3A6-833D31482D28
TCGA-23-2077,TCGA-23-2077-01Z-00-DX1.9EB664FA-CC13-4A49-89BA-8A4573CE48F1
TCGA-42-2591,TCGA-42-2591-01Z-00-DX1.ea85e14f-5f0a-4ed0-9afe-025bb95fca40
TCGA-25-1319,TCGA-25-1319-01Z-00-DX1.71EFB946-ACAF-4BA6-8855-D336268D87F0
TCGA-25-2409,TCGA-25-2409-01Z-00-DX1.34FFD6A9-4919-4DF5-8415-215CC833F12D
TCGA-25-1328,TCGA-25-1328-01Z-00-DX1.A0145C96-19A9-4F2D-8570-ECF039F99405
TCGA-23-1030,TCGA-23-1030-01Z-00-DX1.FC93147F-FB55-4C62-B187-337A5C107096
TCGA-25-1633,TCGA-25-1633-01Z-00-DX1.B3F91D16-A9AA-479F-8326-DD3E280C8759
TCGA-25-1317,TCGA-25-1317-01Z-00-DX1.2E7A7AF9-4D04-4EBD-8C79-7117F76511D5
TCGA-25-1878,TCGA-25-1878-01Z-00-DX1.618F8128-41C4-411B-9B26-B490E066B30D
TCGA-23-1032,TCGA-23-1032-01Z-00-DX1.0C1074AE-D59C-4C74-B929-593AE89E5DC1
TCGA-42-2593,TCGA-42-2593-01Z-00-DX1.9d506f1d-a5b3-4643-bd12-91c33fae4286
TCGA-25-2404,TCGA-25-2404-01Z-00-DX1.7193B185-31C3-41D0-9194-86DEDF15F096
TCGA-23-2084,TCGA-23-2084-01Z-00-DX1.94780F2B-9A88-47ED-982B-0048081309C9
TCGA-25-1320,TCGA-25-1320-01Z-00-DX1.30C154CE-C75B-4815-BF05-7D011B761993
TCGA-23-1031,TCGA-23-1031-01Z-00-DX1.12B1996D-E5BB-424C-B59E-4BE7E1ED6BA1
TCGA-23-1116,TCGA-23-1116-01Z-00-DX1.FC5FC1E1-56DD-498C-AA9F-4434C6E733A8
TCGA-23-1028,TCGA-23-1028-01Z-00-DX1.117B4B7B-F796-4D33-A645-CD80E5C43E6D
TCGA-23-1114,TCGA-23-1114-01Z-00-DX1.26CCA42E-4947-4318-A983-D3B31603482E
TCGA-25-1313,TCGA-25-1313-01Z-00-DX1.5A2732D5-01D6-4285-9283-1839E1703C27
TCGA-5X-AA5U,TCGA-5X-AA5U-01Z-00-DX1.1A03C105-4086-4AAB-B821-A9E8156FA704
TCGA-25-1632,TCGA-25-1632-01Z-00-DX1.B911E6FF-D6A9-4AC7-873C-58B2059DE7E6
TCGA-23-2649,TCGA-23-2649-01Z-00-DX1.C94C3B32-D5F5-4A85-9F35-50B377FF9E75
TCGA-25-1322,TCGA-25-1322-01Z-00-DX1.20DA1932-908F-44E5-B2F2-43E41E06165B
